STUDENT_ID,LAST_NAME,FIRST_NAME,CRN,CONTACT_HOURS,SUBJECT_CODE27033,COURSE_NUMBER,NATIONALCOURSE_ID_DESC,TERM_CODE,PROGRAMME,PROGRAMME_DESCRIPTION,FUND_CODE,CAMPUS_CODE,CAMPUS_DESCRIPTION,COLLEGE_CODE,COLLEGE,DEPT_CODE,DEPT_NAME,COURSE_COMMENCEMENT_DATE,CRN_START_DATE,ATTENDANCE_START_DATE,CRN_END_DATE,ATTENDANCE_DATE,HOURS_ATTENDED
15253,Joey Joe joe,Jabadoo,36944,60,CPC,31011,Plastering without screws or nails,201610,CPC31011,CERTIFICATE III IN SOLID PLASTERING,CP,800,Satellite,0,No College Designated,1812,Construction & Industrial,,1/02/2016,2/02/2016,15/07/2016,2/02/2016,1.00
15253,Joey Joe joe,Jabadoo,36944,60,CPC,31011,Plastering without screws or nails,201610,CPC31011,CERTIFICATE III IN SOLID PLASTERING,CP,800,Satellite,0,No College Designated,1812,Construction & Industrial,,1/02/2016,2/02/2016,15/07/2016,3/02/2016,1.00
15253,Joey Joe joe,Jabadoo,36944,60,CPC,31011,Plastering without screws or nails,201610,CPC31011,CERTIFICATE III IN SOLID PLASTERING,Cp,800,Satellite,0,No College Designated,1812,Construction & Industrial,,1/02/2016,2/02/2016,15/07/2016,4/02/2016,1.00
15253,Joey Joe joe,Jabadoo,36944,60,CPC,31011,Plastering without screws or nails,201610,CPC31011,CERTIFICATE III IN SOLID PLASTERING,Cp,800,Satellite,0,No College Designated,1812,Construction & Industrial,,1/02/2016,2/02/2016,15/07/2016,5/02/2016,1.00
15253,Joey Joe joe,Jabadoo,36955,30,CPC,31011,Plastering with screws or nails,201610,CPC31011,CERTIFICATE III IN SOLID PLASTERING,CP,800,Satellite,0,No College Designated,1812,Construction & Industrial,,1/02/2016,2/02/2016,15/07/2016,2/02/2016,1.00
15253,Joey Joe joe,Jabadoo,36955,30,CPC,31011,Plastering with screws or nails,201610,CPC31011,CERTIFICATE III IN SOLID PLASTERING,CP,800,Satellite,0,No College Designated,1812,Construction & Industrial,,1/02/2016,2/02/2016,15/07/2016,3/02/2016,1.00
15253,Joey Joe joe,Jabadoo,36955,30,CPC,31011,Plastering with screws or nails,201610,CPC31011,CERTIFICATE III IN SOLID PLASTERING,Cp,800,Satellite,0,No College Designated,1812,Construction & Industrial,,1/02/2016,2/02/2016,15/07/2016,4/02/2016,1.00
15253,Joey Joe joe,Jabadoo,36955,30,CPC,31011,Plastering with screws or nails,201610,CPC31011,CERTIFICATE III IN SOLID PLASTERING,Cp,800,Satellite,0,No College Designated,1812,Construction & Industrial,,1/02/2016,2/02/2016,15/07/2016,5/02/2016,1.00
15254,Smith,Jane,36944,60,CPC,31011,Plastering without screws or nails,201610,CPC31011,CERTIFICATE III IN SOLID PLASTERING,CP,800,Satellite,0,No College Designated,1812,Construction & Industrial,,1/02/2016,2/02/2016,15/07/2016,2/02/2016,1.00
15254,Smith,Jane,36944,60,CPC,31011,Plastering without screws or nails,201610,CPC31011,CERTIFICATE III IN SOLID PLASTERING,CP,800,Satellite,0,No College Designated,1812,Construction & Industrial,,1/02/2016,2/02/2016,15/07/2016,3/02/2016,1.00
15254,Smith,Jane,36944,60,CPC,31011,Plastering without screws or nails,201610,CPC31011,CERTIFICATE III IN SOLID PLASTERING,Cp,800,Satellite,0,No College Designated,1812,Construction & Industrial,,1/02/2016,2/02/2016,15/07/2016,4/02/2016,1.00
15254,Smith,Jane,36944,60,CPC,31011,Plastering without screws or nails,201610,CPC31011,CERTIFICATE III IN SOLID PLASTERING,Cp,800,Satellite,0,No College Designated,1812,Construction & Industrial,,1/02/2016,2/02/2016,15/07/2016,5/02/2016,1.00
15254,Smith,Jane,36955,30,CPC,31011,Plastering with screws or nails,201610,CPC31011,CERTIFICATE III IN SOLID PLASTERING,Cp,800,Satellite,0,No College Designated,1812,Construction & Industrial,,1/02/2016,2/02/2016,15/07/2016,4/02/2016,1.00
15254,Smith,Jane,36955,30,CPC,31011,Plastering with screws or nails,201610,CPC31011,CERTIFICATE III IN SOLID PLASTERING,Cp,800,Satellite,0,No College Designated,1812,Construction & Industrial,,1/02/2016,2/02/2016,15/07/2016,5/02/2016,1.00
15256,Jo,Doe,36944,60,CPC,31011,Plastering without screws or nails,201610,CPC31011,CERTIFICATE III IN SOLID PLASTERING,CP,800,Satellite,0,No College Designated,1812,Construction & Industrial,,1/02/2016,2/02/2016,15/07/2016,2/02/2016,1.00
15256,Jo,Doe,36944,60,CPC,31011,Plastering without screws or nails,201610,CPC31011,CERTIFICATE III IN SOLID PLASTERING,Cp,800,Satellite,0,No College Designated,1812,Construction & Industrial,,1/02/2016,2/02/2016,15/07/2016,4/02/2016,1.00
15256,Jo,Doe,36944,60,CPC,31011,Plastering without screws or nails,201610,CPC31011,CERTIFICATE III IN SOLID PLASTERING,Cp,800,Satellite,0,No College Designated,1812,Construction & Industrial,,1/02/2016,2/02/2016,15/07/2016,5/02/2016,1.00
15256,Jo,Doe,36955,30,CPC,31011,Plastering with screws or nails,201610,CPC31011,CERTIFICATE III IN SOLID PLASTERING,CP,800,Satellite,0,No College Designated,1812,Construction & Industrial,,1/02/2016,2/02/2016,15/07/2016,2/02/2016,1.00
15256,Jo,Doe,36955,30,CPC,31011,Plastering with screws or nails,201610,CPC31011,CERTIFICATE III IN SOLID PLASTERING,CP,800,Satellite,0,No College Designated,1812,Construction & Industrial,,1/02/2016,2/02/2016,15/07/2016,3/02/2016,1.00
15256,Jo,Doe,36955,30,CPC,31011,Plastering with screws or nails,201610,CPC31011,CERTIFICATE III IN SOLID PLASTERING,Cp,800,Satellite,0,No College Designated,1812,Construction & Industrial,,1/02/2016,2/02/2016,15/07/2016,4/02/2016,1.00
15256,Jo,Doe,36955,30,CPC,31011,Plastering with screws or nails,201610,CPC31011,CERTIFICATE III IN SOLID PLASTERING,Cp,800,Satellite,0,No College Designated,1812,Construction & Industrial,,1/02/2016,2/02/2016,15/07/2016,5/02/2016,1.00
15262,Benif,David,36944,60,CPC,31011,Plastering without screws or nails,201610,CPC31011,CERTIFICATE III IN SOLID PLASTERING,CP,800,Satellite,0,No College Designated,1812,Construction & Industrial,,1/02/2016,2/02/2016,15/07/2016,2/02/2016,1.00
15262,Benif,David,36944,60,CPC,31011,Plastering without screws or nails,201610,CPC31011,CERTIFICATE III IN SOLID PLASTERING,CP,800,Satellite,0,No College Designated,1812,Construction & Industrial,,1/02/2016,2/02/2016,15/07/2016,3/02/2016,1.00
15262,Benif,David,36944,60,CPC,31011,Plastering without screws or nails,201610,CPC31011,CERTIFICATE III IN SOLID PLASTERING,Cp,800,Satellite,0,No College Designated,1812,Construction & Industrial,,1/02/2016,2/02/2016,15/07/2016,4/02/2016,1.00
15262,Benif,David,36944,60,CPC,31011,Plastering without screws or nails,201610,CPC31011,CERTIFICATE III IN SOLID PLASTERING,Cp,800,Satellite,0,No College Designated,1812,Construction & Industrial,,1/02/2016,2/02/2016,15/07/2016,5/02/2016,1.00
15262,Benif,David,36955,30,CPC,31011,Plastering with screws or nails,201610,CPC31011,CERTIFICATE III IN SOLID PLASTERING,CP,800,Satellite,0,No College Designated,1812,Construction & Industrial,,1/02/2016,2/02/2016,15/07/2016,2/02/2016,1.00
15255,Benif,James,36944,60,CPC,31011,Plastering without screws or nails,201610,CPC31011,CERTIFICATE III IN SOLID PLASTERING,CP,800,Satellite,0,No College Designated,1812,Construction & Industrial,,1/02/2016,2/02/2016,15/07/2016,2/02/2016,1.00
15255,Benif,James,36944,60,CPC,31011,Plastering without screws or nails,201610,CPC31011,CERTIFICATE III IN SOLID PLASTERING,CP,800,Satellite,0,No College Designated,1812,Construction & Industrial,,1/02/2016,2/02/2016,15/07/2016,3/02/2016,1.00
15255,Benif,James,36944,60,CPC,31011,Plastering without screws or nails,201610,CPC31011,CERTIFICATE III IN SOLID PLASTERING,Cp,800,Satellite,0,No College Designated,1812,Construction & Industrial,,1/02/2016,2/02/2016,15/07/2016,4/02/2016,1.00
15255,Benif,James,36944,60,CPC,31011,Plastering without screws or nails,201610,CPC31011,CERTIFICATE III IN SOLID PLASTERING,Cp,800,Satellite,0,No College Designated,1812,Construction & Industrial,,1/02/2016,2/02/2016,15/07/2016,5/02/2016,1.00
15255,Benif,James,36955,30,CPC,31011,Plastering with screws or nails,201610,CPC31011,CERTIFICATE III IN SOLID PLASTERING,CP,800,Satellite,0,No College Designated,1812,Construction & Industrial,,1/02/2016,2/02/2016,15/07/2016,2/02/2016,1.00
15255,Benif,James,36955,30,CPC,31011,Plastering with screws or nails,201610,CPC31011,CERTIFICATE III IN SOLID PLASTERING,CP,800,Satellite,0,No College Designated,1812,Construction & Industrial,,1/02/2016,2/02/2016,15/07/2016,3/02/2016,1.00
15255,Benif,James,36955,30,CPC,31011,Plastering with screws or nails,201610,CPC31011,CERTIFICATE III IN SOLID PLASTERING,Cp,800,Satellite,0,No College Designated,1812,Construction & Industrial,,1/02/2016,2/02/2016,15/07/2016,4/02/2016,1.00
15255,Benif,James,36955,30,CPC,31011,Plastering with screws or nails,201610,CPC31011,CERTIFICATE III IN SOLID PLASTERING,Cp,800,Satellite,0,No College Designated,1812,Construction & Industrial,,1/02/2016,2/02/2016,15/07/2016,5/02/2016,1.00
15270,Seal,James,36944,60,CPC,31211,Waterproofing walls,201610,CPC31211,CERTIFICATE III IN WALL AND CEILING LINING,CP,800,Satellite,0,No College Designated,1812,Construction & Industrial,,1/02/2016,1/02/2016,13/07/2016,1/02/2016,1.00
15270,Seal,James,36944,60,CPC,31211,Waterproofing walls,201610,CPC31211,CERTIFICATE III IN WALL AND CEILING LINING,CP,800,Satellite,0,No College Designated,1812,Construction & Industrial,,1/02/2016,1/02/2016,13/07/2016,2/02/2016,1.00
15270,Seal,James,36944,60,CPC,31211,Waterproofing walls,201610,CPC31211,CERTIFICATE III IN WALL AND CEILING LINING,Cp,800,Satellite,0,No College Designated,1812,Construction & Industrial,,1/02/2016,1/02/2016,13/07/2016,3/02/2016,1.00
15270,Seal,James,36944,60,CPC,31211,Waterproofing walls,201610,CPC31211,CERTIFICATE III IN WALL AND CEILING LINING,Cp,800,Satellite,0,No College Designated,1812,Construction & Industrial,,1/02/2016,1/02/2016,13/07/2016,4/02/2016,1.00
15270,Seal,James,36955,30,CPC,31211,Waterproofing Ceilings,201610,CPC31211,CERTIFICATE III IN WALL AND CEILING LINING,CP,800,Satellite,0,No College Designated,1812,Construction & Industrial,,1/02/2016,1/02/2016,13/07/2016,1/02/2016,1.00
15270,Seal,James,36955,30,CPC,31211,Waterproofing Ceilings,201610,CPC31211,CERTIFICATE III IN WALL AND CEILING LINING,CP,800,Satellite,0,No College Designated,1812,Construction & Industrial,,1/02/2016,1/02/2016,13/07/2016,2/02/2016,1.00
15270,Seal,James,36955,30,CPC,31211,Waterproofing Ceilings,201610,CPC31211,CERTIFICATE III IN WALL AND CEILING LINING,Cp,800,Satellite,0,No College Designated,1812,Construction & Industrial,,1/02/2016,1/02/2016,13/07/2016,3/02/2016,1.00
15270,Seal,James,36955,30,CPC,31211,Waterproofing Ceilings,201610,CPC31211,CERTIFICATE III IN WALL AND CEILING LINING,Cp,800,Satellite,0,No College Designated,1812,Construction & Industrial,,1/02/2016,1/02/2016,13/07/2016,4/02/2016,1.00
15271,Gaps,Nomo,36944,60,CPC,31211,Waterproofing walls,201610,CPC31211,CERTIFICATE III IN WALL AND CEILING LINING,CP,800,Satellite,0,No College Designated,1812,Construction & Industrial,,1/02/2016,1/02/2016,13/07/2016,1/02/2016,1.00
15271,Gaps,Nomo,36944,60,CPC,31211,Waterproofing walls,201610,CPC31211,CERTIFICATE III IN WALL AND CEILING LINING,CP,800,Satellite,0,No College Designated,1812,Construction & Industrial,,1/02/2016,1/02/2016,13/07/2016,2/02/2016,1.00
15271,Gaps,Nomo,36944,60,CPC,31211,Waterproofing walls,201610,CPC31211,CERTIFICATE III IN WALL AND CEILING LINING,Cp,800,Satellite,0,No College Designated,1812,Construction & Industrial,,1/02/2016,1/02/2016,13/07/2016,3/02/2016,1.00
15271,Gaps,Nomo,36944,60,CPC,31211,Waterproofing walls,201610,CPC31211,CERTIFICATE III IN WALL AND CEILING LINING,Cp,800,Satellite,0,No College Designated,1812,Construction & Industrial,,1/02/2016,1/02/2016,13/07/2016,4/02/2016,1.00
15271,Gaps,Nomo,36955,30,CPC,31211,Waterproofing Ceilings,201610,CPC31211,CERTIFICATE III IN WALL AND CEILING LINING,CP,800,Satellite,0,No College Designated,1812,Construction & Industrial,,1/02/2016,1/02/2016,13/07/2016,1/02/2016,1.00
15271,Gaps,Nomo,36955,30,CPC,31211,Waterproofing Ceilings,201610,CPC31211,CERTIFICATE III IN WALL AND CEILING LINING,Cp,800,Satellite,0,No College Designated,1812,Construction & Industrial,,1/02/2016,1/02/2016,13/07/2016,3/02/2016,1.00
15271,Gaps,Nomo,36955,30,CPC,31211,Waterproofing Ceilings,201610,CPC31211,CERTIFICATE III IN WALL AND CEILING LINING,Cp,800,Satellite,0,No College Designated,1812,Construction & Industrial,,1/02/2016,1/02/2016,13/07/2016,4/02/2016,1.00
15274,Filla,Lotsa,36944,60,CPC,31211,Waterproofing walls,201610,CPC31211,CERTIFICATE III IN WALL AND CEILING LINING,CP,800,Satellite,0,No College Designated,1812,Construction & Industrial,,1/02/2016,1/02/2016,13/07/2016,1/02/2016,1.00
15274,Filla,Lotsa,36944,60,CPC,31211,Waterproofing walls,201610,CPC31211,CERTIFICATE III IN WALL AND CEILING LINING,CP,800,Satellite,0,No College Designated,1812,Construction & Industrial,,1/02/2016,1/02/2016,13/07/2016,2/02/2016,1.00
15274,Filla,Lotsa,36944,60,CPC,31211,Waterproofing walls,201610,CPC31211,CERTIFICATE III IN WALL AND CEILING LINING,Cp,800,Satellite,0,No College Designated,1812,Construction & Industrial,,1/02/2016,1/02/2016,13/07/2016,3/02/2016,1.00
15274,Filla,Lotsa,36944,60,CPC,31211,Waterproofing walls,201610,CPC31211,CERTIFICATE III IN WALL AND CEILING LINING,Cp,800,Satellite,0,No College Designated,1812,Construction & Industrial,,1/02/2016,1/02/2016,13/07/2016,4/02/2016,1.00
15274,Filla,Lotsa,36955,30,CPC,31211,Waterproofing Ceilings,201610,CPC31211,CERTIFICATE III IN WALL AND CEILING LINING,CP,800,Satellite,0,No College Designated,1812,Construction & Industrial,,1/02/2016,1/02/2016,13/07/2016,1/02/2016,1.00
15274,Filla,Lotsa,36955,30,CPC,31211,Waterproofing Ceilings,201610,CPC31211,CERTIFICATE III IN WALL AND CEILING LINING,CP,800,Satellite,0,No College Designated,1812,Construction & Industrial,,1/02/2016,1/02/2016,13/07/2016,2/02/2016,1.00
15274,Filla,Lotsa,36955,30,CPC,31211,Waterproofing Ceilings,201610,CPC31211,CERTIFICATE III IN WALL AND CEILING LINING,Cp,800,Satellite,0,No College Designated,1812,Construction & Industrial,,1/02/2016,1/02/2016,13/07/2016,3/02/2016,1.00
15274,Filla,Lotsa,36955,30,CPC,31211,Waterproofing Ceilings,201610,CPC31211,CERTIFICATE III IN WALL AND CEILING LINING,Cp,800,Satellite,0,No College Designated,1812,Construction & Industrial,,1/02/2016,1/02/2016,13/07/2016,4/02/2016,1.00
15278,Crake,Wida,36944,60,CPC,31211,Waterproofing walls,201610,CPC31211,CERTIFICATE III IN WALL AND CEILING LINING,CP,800,Satellite,0,No College Designated,1812,Construction & Industrial,,1/02/2016,1/02/2016,13/07/2016,1/02/2016,1.00
15278,Crake,Wida,36944,60,CPC,31211,Waterproofing walls,201610,CPC31211,CERTIFICATE III IN WALL AND CEILING LINING,CP,800,Satellite,0,No College Designated,1812,Construction & Industrial,,1/02/2016,1/02/2016,13/07/2016,2/02/2016,1.00
15278,Crake,Wida,36944,60,CPC,31211,Waterproofing walls,201610,CPC31211,CERTIFICATE III IN WALL AND CEILING LINING,Cp,800,Satellite,0,No College Designated,1812,Construction & Industrial,,1/02/2016,1/02/2016,13/07/2016,4/02/2016,1.00
15278,Crake,Wida,36955,30,CPC,31211,Waterproofing Ceilings,201610,CPC31211,CERTIFICATE III IN WALL AND CEILING LINING,Cp,800,Satellite,0,No College Designated,1812,Construction & Industrial,,1/02/2016,1/02/2016,13/07/2016,3/02/2016,1.00
15278,Crake,Wida,36955,30,CPC,31211,Waterproofing Ceilings,201610,CPC31211,CERTIFICATE III IN WALL AND CEILING LINING,Cp,800,Satellite,0,No College Designated,1812,Construction & Industrial,,1/02/2016,1/02/2016,13/07/2016,4/02/2016,1.00
15281,David,Davidson,36944,60,CPC,31211,Waterproofing walls,201610,CPC31211,CERTIFICATE III IN WALL AND CEILING LINING,CP,800,Satellite,0,No College Designated,1812,Construction & Industrial,,1/02/2016,1/02/2016,13/07/2016,1/02/2016,1.00
15281,David,Davidson,36944,60,CPC,31211,Waterproofing walls,201610,CPC31211,CERTIFICATE III IN WALL AND CEILING LINING,CP,800,Satellite,0,No College Designated,1812,Construction & Industrial,,1/02/2016,1/02/2016,13/07/2016,2/02/2016,1.00
15281,David,Davidson,36944,60,CPC,31211,Waterproofing walls,201610,CPC31211,CERTIFICATE III IN WALL AND CEILING LINING,Cp,800,Satellite,0,No College Designated,1812,Construction & Industrial,,1/02/2016,1/02/2016,13/07/2016,3/02/2016,1.00
15281,David,Davidson,36944,60,CPC,31211,Waterproofing walls,201610,CPC31211,CERTIFICATE III IN WALL AND CEILING LINING,Cp,800,Satellite,0,No College Designated,1812,Construction & Industrial,,1/02/2016,1/02/2016,13/07/2016,4/02/2016,1.00
15281,David,Davidson,36955,30,CPC,31211,Waterproofing Ceilings,201610,CPC31211,CERTIFICATE III IN WALL AND CEILING LINING,CP,800,Satellite,0,No College Designated,1812,Construction & Industrial,,1/02/2016,1/02/2016,13/07/2016,1/02/2016,1.00
15281,David,Davidson,36955,30,CPC,31211,Waterproofing Ceilings,201610,CPC31211,CERTIFICATE III IN WALL AND CEILING LINING,CP,800,Satellite,0,No College Designated,1812,Construction & Industrial,,1/02/2016,1/02/2016,13/07/2016,2/02/2016,1.00
15281,David,Davidson,36955,30,CPC,31211,Waterproofing Ceilings,201610,CPC31211,CERTIFICATE III IN WALL AND CEILING LINING,Cp,800,Satellite,0,No College Designated,1812,Construction & Industrial,,1/02/2016,1/02/2016,13/07/2016,3/02/2016,1.00
15281,David,Davidson,36955,30,CPC,31211,Waterproofing Ceilings,201610,CPC31211,CERTIFICATE III IN WALL AND CEILING LINING,Cp,800,Satellite,0,No College Designated,1812,Construction & Industrial,,1/02/2016,1/02/2016,13/07/2016,4/02/2016,1.00
15284,James,Jamison,36944,60,CPC,31211,Waterproofing walls,201610,CPC31211,CERTIFICATE III IN WALL AND CEILING LINING,CP,800,Satellite,0,No College Designated,1812,Construction & Industrial,,1/02/2016,1/02/2016,13/07/2016,1/02/2016,1.00
15284,James,Jamison,36944,60,CPC,31211,Waterproofing walls,201610,CPC31211,CERTIFICATE III IN WALL AND CEILING LINING,CP,800,Satellite,0,No College Designated,1812,Construction & Industrial,,1/02/2016,1/02/2016,13/07/2016,2/02/2016,1.00
15284,James,Jamison,36944,60,CPC,31211,Waterproofing walls,201610,CPC31211,CERTIFICATE III IN WALL AND CEILING LINING,Cp,800,Satellite,0,No College Designated,1812,Construction & Industrial,,1/02/2016,1/02/2016,13/07/2016,3/02/2016,1.00
15284,James,Jamison,36944,60,CPC,31211,Waterproofing walls,201610,CPC31211,CERTIFICATE III IN WALL AND CEILING LINING,Cp,800,Satellite,0,No College Designated,1812,Construction & Industrial,,1/02/2016,1/02/2016,13/07/2016,4/02/2016,1.00
15284,James,Jamison,36955,30,CPC,31211,Waterproofing Ceilings,201610,CPC31211,CERTIFICATE III IN WALL AND CEILING LINING,CP,800,Satellite,0,No College Designated,1812,Construction & Industrial,,1/02/2016,1/02/2016,13/07/2016,1/02/2016,1.00
15284,James,Jamison,36955,30,CPC,31211,Waterproofing Ceilings,201610,CPC31211,CERTIFICATE III IN WALL AND CEILING LINING,CP,800,Satellite,0,No College Designated,1812,Construction & Industrial,,1/02/2016,1/02/2016,13/07/2016,2/02/2016,1.00
15284,James,Jamison,36955,30,CPC,31211,Waterproofing Ceilings,201610,CPC31211,CERTIFICATE III IN WALL AND CEILING LINING,Cp,800,Satellite,0,No College Designated,1812,Construction & Industrial,,1/02/2016,1/02/2016,13/07/2016,3/02/2016,1.00
15284,James,Jamison,36955,30,CPC,31211,Waterproofing Ceilings,201610,CPC31211,CERTIFICATE III IN WALL AND CEILING LINING,Cp,800,Satellite,0,No College Designated,1812,Construction & Industrial,,1/02/2016,1/02/2016,13/07/2016,4/02/2016,1.00
15270,Seal,James,26383,40,CPC,31288,Wet room structure,201610,CPC31288,CERTIFICATE III IN WET ROOM PREPARATION,F,301,Broadmeadows,0,No College Designated,1812,Construction & Industrial,,1/02/2016,1/02/2016,13/07/2016,1/02/2016,1.00
15270,Seal,James,26383,40,CPC,31288,Wet room structure,201610,CPC31288,CERTIFICATE III IN WET ROOM PREPARATION,F,301,Broadmeadows,0,No College Designated,1812,Construction & Industrial,,1/02/2016,1/02/2016,13/07/2016,3/02/2016,1.00
15270,Seal,James,26383,40,CPC,31288,Wet room structure,201610,CPC31288,CERTIFICATE III IN WET ROOM PREPARATION,F,301,Broadmeadows,0,No College Designated,1812,Construction & Industrial,,1/02/2016,1/02/2016,13/07/2016,5/02/2016,1.00
15271,Gaps,Nomo,26383,40,CPC,31288,Wet room structure,201610,CPC31288,CERTIFICATE III IN WET ROOM PREPARATION,F,301,Broadmeadows,0,No College Designated,1812,Construction & Industrial,,1/02/2016,1/02/2016,13/07/2016,1/02/2016,1.00
15271,Gaps,Nomo,26383,40,CPC,31288,Wet room structure,201610,CPC31288,CERTIFICATE III IN WET ROOM PREPARATION,F,301,Broadmeadows,0,No College Designated,1812,Construction & Industrial,,1/02/2016,1/02/2016,13/07/2016,3/02/2016,1.00
15271,Gaps,Nomo,26383,40,CPC,31288,Wet room structure,201610,CPC31288,CERTIFICATE III IN WET ROOM PREPARATION,F,301,Broadmeadows,0,No College Designated,1812,Construction & Industrial,,1/02/2016,1/02/2016,13/07/2016,5/02/2016,1.00
15273,Blue,Andrew,26383,40,CPC,31288,Wet room structure,201610,CPC31288,CERTIFICATE III IN WET ROOM PREPARATION,F,301,Broadmeadows,0,No College Designated,1812,Construction & Industrial,,1/02/2016,1/02/2016,13/07/2016,1/02/2016,1.00
15273,Blue,Andrew,26383,40,CPC,31288,Wet room structure,201610,CPC31288,CERTIFICATE III IN WET ROOM PREPARATION,F,301,Broadmeadows,0,No College Designated,1812,Construction & Industrial,,1/02/2016,1/02/2016,13/07/2016,3/02/2016,1.00
15273,Blue,Andrew,26383,40,CPC,31288,Wet room structure,201610,CPC31288,CERTIFICATE III IN WET ROOM PREPARATION,F,301,Broadmeadows,0,No College Designated,1812,Construction & Industrial,,1/02/2016,1/02/2016,13/07/2016,5/02/2016,1.00
15272,Walker,Jadon,26383,40,CPC,31288,Wet room structure,201610,CPC31288,CERTIFICATE III IN WET ROOM PREPARATION,F,301,Broadmeadows,0,No College Designated,1812,Construction & Industrial,,1/02/2016,1/02/2016,13/07/2016,1/02/2016,1.00
15272,Walker,Jadon,26383,40,CPC,31288,Wet room structure,201610,CPC31288,CERTIFICATE III IN WET ROOM PREPARATION,F,301,Broadmeadows,0,No College Designated,1812,Construction & Industrial,,1/02/2016,1/02/2016,13/07/2016,3/02/2016,1.00
15272,Walker,Jadon,26383,40,CPC,31288,Wet room structure,201610,CPC31288,CERTIFICATE III IN WET ROOM PREPARATION,F,301,Broadmeadows,0,No College Designated,1812,Construction & Industrial,,1/02/2016,1/02/2016,13/07/2016,5/02/2016,1.00
15298,Pele,Ronaldo,26383,40,CPC,31288,Wet room structure,201610,CPC31288,CERTIFICATE III IN WET ROOM PREPARATION,F,301,Broadmeadows,0,No College Designated,1812,Construction & Industrial,,1/02/2016,1/02/2016,13/07/2016,1/02/2016,1.00
15298,Pele,Ronaldo,26383,40,CPC,31288,Wet room structure,201610,CPC31288,CERTIFICATE III IN WET ROOM PREPARATION,F,301,Broadmeadows,0,No College Designated,1812,Construction & Industrial,,1/02/2016,1/02/2016,13/07/2016,3/02/2016,1.00
15298,Pele,Ronaldo,26383,40,CPC,31288,Wet room structure,201610,CPC31288,CERTIFICATE III IN WET ROOM PREPARATION,F,301,Broadmeadows,0,No College Designated,1812,Construction & Industrial,,1/02/2016,1/02/2016,13/07/2016,5/02/2016,1.00
15301,Fred,Bebeto,26383,40,CPC,31288,Wet room structure,201610,CPC31288,CERTIFICATE III IN WET ROOM PREPARATION,F,301,Broadmeadows,0,No College Designated,1812,Construction & Industrial,,1/02/2016,1/02/2016,13/07/2016,1/02/2016,1.00
15301,Fred,Bebeto,26383,40,CPC,31288,Wet room structure,201610,CPC31288,CERTIFICATE III IN WET ROOM PREPARATION,F,301,Broadmeadows,0,No College Designated,1812,Construction & Industrial,,1/02/2016,1/02/2016,13/07/2016,3/02/2016,1.00
15301,Fred,Bebeto,26383,40,CPC,31288,Wet room structure,201610,CPC31288,CERTIFICATE III IN WET ROOM PREPARATION,F,301,Broadmeadows,0,No College Designated,1812,Construction & Industrial,,1/02/2016,1/02/2016,13/07/2016,5/02/2016,1.00
