TERM_CODE,CRN,DEPARTMENT,CAMPUS_CODE,PROGRAM,PROGRAM_DESC,CONTACT_HOURS,STUDENT_ID,LAST_NAME,FIRST_NAME,REGISTRATION_DATE,RESULTED
201610,36944,1812,800,CPC31011,CERTIFICATE III IN SOLID PLASTERING,60,15253,Joey Joe joe,Jabadoo,12/01/2016 0:00,CA
201610,36955,1812,800,CPC31011,CERTIFICATE III IN SOLID PLASTERING,30,15253,Joey Joe joe,Jabadoo,12/01/2016 0:00,CA
201610,36944,1812,800,CPC31011,CERTIFICATE III IN SOLID PLASTERING,60,15254,Smith,Jane,12/01/2016 0:00
201610,36955,1812,800,CPC31011,CERTIFICATE III IN SOLID PLASTERING,30,15254,Smith,Jane,12/01/2016 0:00,CA
201610,36944,1812,800,CPC31011,CERTIFICATE III IN SOLID PLASTERING,60,15255,Benif,James,12/01/2016 0:00,CA
201610,36955,1812,800,CPC31011,CERTIFICATE III IN SOLID PLASTERING,30,15255,Benif,James,12/01/2016 0:00
201610,36944,1812,800,CPC31011,CERTIFICATE III IN SOLID PLASTERING,60,15256,Jo,Doe,12/01/2016 0:00,CA
201610,36955,1812,800,CPC31011,CERTIFICATE III IN SOLID PLASTERING,30,15256,Jo,Doe,12/01/2016 0:00
201610,36944,1812,800,CPC31011,CERTIFICATE III IN SOLID PLASTERING,60,15262,Benif,David,12/01/2016 0:00,CA
201610,36955,1812,800,CPC31011,CERTIFICATE III IN SOLID PLASTERING,30,15262,Benif,David,12/01/2016 0:00
201610,36944,1812,800,CPC31211,CERTIFICATE III IN WALL AND CEILING LINING,60,15270,Seal,James,12/01/2016 0:00
201610,36955,1812,800,CPC31211,CERTIFICATE III IN WALL AND CEILING LINING,30,15270,Seal,James,12/01/2016 0:00
201610,26383,1812,301,CPC31288,CERTIFICATE III IN WET ROOM PREPARATION,40,15270,Seal,James,12/01/2016 0:00,CA
201610,36944,1812,800,CPC31211,CERTIFICATE III IN WALL AND CEILING LINING,60,15271,Gaps,Nomo,12/01/2016 0:00
201610,36955,1812,800,CPC31211,CERTIFICATE III IN WALL AND CEILING LINING,30,15271,Gaps,Nomo,12/01/2016 0:00,CA
201610,26383,1812,301,CPC31288,CERTIFICATE III IN WET ROOM PREPARATION,40,15271,Gaps,Nomo,12/01/2016 0:00,CA
201610,26383,1812,301,CPC31288,CERTIFICATE III IN WET ROOM PREPARATION,40,15272,Walker,Jadon,12/01/2016 0:00
201610,26383,1812,301,CPC31288,CERTIFICATE III IN WET ROOM PREPARATION,40,15273,Blue,Andrew,12/01/2016 0:00,CA
201610,36944,1812,800,CPC31211,CERTIFICATE III IN WALL AND CEILING LINING,60,15274,Filla,Lotsa,12/01/2016 0:00
201610,36955,1812,800,CPC31211,CERTIFICATE III IN WALL AND CEILING LINING,30,15274,Filla,Lotsa,12/01/2016 0:00
201610,36944,1812,800,CPC31211,CERTIFICATE III IN WALL AND CEILING LINING,60,15278,Crake,Wida,12/01/2016 0:00,CA
201610,36955,1812,800,CPC31211,CERTIFICATE III IN WALL AND CEILING LINING,30,15278,Crake,Wida,12/01/2016 0:00,CA
201610,36944,1812,800,CPC31211,CERTIFICATE III IN WALL AND CEILING LINING,60,15281,David,Davidson,12/01/2016 0:00
201610,36955,1812,800,CPC31211,CERTIFICATE III IN WALL AND CEILING LINING,30,15281,David,Davidson,12/01/2016 0:00
201610,36944,1812,800,CPC31211,CERTIFICATE III IN WALL AND CEILING LINING,60,15284,James,Jamison,12/01/2016 0:00,CA
201610,36955,1812,800,CPC31211,CERTIFICATE III IN WALL AND CEILING LINING,30,15284,James,Jamison,12/01/2016 0:00,CA
201610,36899,1812,800,CPC30313,CERTIFICATE III IN CONCRETING,50,15286,Simon,Sam
201610,36899,1812,800,CPC30313,CERTIFICATE III IN CONCRETING,50,15287,Marison,Mary
201610,36899,1812,800,CPC30313,CERTIFICATE III IN CONCRETING,50,15288,Anne,Lisa
201610,36899,1812,800,CPC30313,CERTIFICATE III IN CONCRETING,50,15289,Court,Jackson
201610,36899,1812,800,CPC30313,CERTIFICATE III IN CONCRETING,50,15290,Ranger,Walker
201610,36899,1812,800,CPC30313,CERTIFICATE III IN CONCRETING,50,15291,Wong,Albert
201610,36899,1812,800,CPC30313,CERTIFICATE III IN CONCRETING,50,15292,Chan,Henry
201610,26383,1812,301,CPC31288,CERTIFICATE III IN WET ROOM PREPARATION,40,15298,Pele,Ronaldo,12/01/2016 0:00
201610,26383,1812,301,CPC31288,CERTIFICATE III IN WET ROOM PREPARATION,40,15301,Fred,Bebeto,12/01/2016 0:00,CA
