COMPANY,CompanyClass,CompanyScore,AccountManager,BDConsultant,AccountExecutive,Contact_ID,CONTACT,ContactStatus,CreatedOn,CostToClient,OpportunityDescription,StartDate,EndDate,EstimatedProfitPercent,InvoicedPercent,OpportunityManager,OpportunityNumber,OpportunitySource,ProbabilityOfWin,ProjectManager,OpportunityState,Stage,StageChangedDate,Status,TCode,TotalValue,OpportunityType,CostCentre_ID,CostCentreName,DepartmentName,BusinessGroupName,DeliveryMode,ComponentDescription,NumberOfStudents,Order,ComponentType,ForecastAmount,PotentialAmount,ReceivedAmount,RevenueStream,OriginalCostCentreName,OriginalDepartmentName,OriginalBusinessGroupName,StartYear,FeasibilityStatus,RevenueStatus,ReceivedPercent,TotalNonsalariesCost,TotalSalariesCost,CompanyOperatingRegions,ContinuationOfOpportunity_ID,TeamSource,Region,ContactSourceTeam,ContactOperatingRegions
M Singapore,Bronze,80,Refer to BD Consultant,Michael Segrave,Refer to BD Consultant,44617,Troy ,Current Relationship,08:01.6,0,Diesel oil evaluation / test program. ,NULL,NULL,10,0,Ian Russell,19793,Current client,75,NULL,Pipeline,Lead,08:01.5,OPEN,TI,15000,National,248,Automotive Projects,Centre of Excellence Automotive,Centre of Excellence Automotive,NULL,Diesel oil evaluation / test program. ,NULL,NULL,General,15000,15000,0,Unallocated,Automotive Projects,Centre of Excellence Automotive,Centre of Excellence Automotive,2016,,,0,NULL,NULL,,NULL,Kangan,Victoria,Kangan,
Bayford F,Bronze,100,Refer to BD Consultant,Michael Segrave,Refer to BD Consultant,43401,Joe ,Current Relationship,59:59.5,0,Cert 2 Training in Automotive Air Conditioning. AUR 20212,NULL,NULL,10,0,Ian Russell,19790,Current client,50,NULL,Pipeline,Lead,59:59.3,OPEN,TI,15000,General,248,Automotive Projects,Centre of Excellence Automotive,Centre of Excellence Automotive,NULL,Cert 2 Training in Automotive Air Conditioning. AUR 20212,NULL,NULL,General,15000,15000,0,Unallocated,Automotive Projects,Centre of Excellence Automotive,Centre of Excellence Automotive,2016,,,0,NULL,NULL,,NULL,Kangan,Victoria,Kangan,
A College,Bronze,100,Refer to BD Consultant,Diana McGowan,Refer to BD Consultant,45658,Caron ,Current Relationship,32:00.7,NULL,2016 VET In schools,00:00.0,00:00.0,10,NULL,Anna Hedjes,19788,VETiS,75,Anna Hedjes,Won,Secure,32:00.7,OPEN,TV,30340,VETiS,247,Light Vehicles,Centre of Excellence Automotive,Centre of Excellence Automotive,KI,Unit 1-2 Certificate II in Automotive Studies (Pre-Vocational),1,NULL,VETiS,NULL,2485,0,Fee For Service,Light Vehicles,Centre of Excellence Automotive,Centre of Excellence Automotive,2016,,,NULL,NULL,NULL,,NULL,Kangan,Victoria,Kangan,
KSC,Bronze,100,Refer to BD Consultant,Diana McGowan,Refer to BD Consultant,45413,Kate ,Current Relationship,18:49.9,7280,2016 VET In Schools,00:00.0,00:00.0,10,0,Anna Hedjes,19785,VETiS,75,Anna Hedjes,Won,Secure,18:49.9,OPEN,TV,7280,VETiS,240,Engineering,Construction and Engineering,Construction and Industrial,Auspiced,Unit 3-4 Certificate II in Engineering Studies,3,NULL,VETiS,NULL,2700,0,Fee For Service,Engineering,Construction and Engineering,Construction and Industrial,2016,,,0,NULL,NULL,,NULL,Kangan,Victoria,Kangan,
KSC,Bronze,100,Refer to BD Consultant,Diana McGowan,Refer to BD Consultant,45413,Kate ,Current Relationship,18:49.9,7280,2016 VET In Schools,00:00.0,00:00.0,10,0,Anna Hedjes,19785,VETiS,75,Anna Hedjes,Won,Secure,18:49.9,OPEN,TV,7280,VETiS,240,Engineering,Construction and Engineering,Construction and Industrial,Auspiced,Unit 1-2 Certificate II in Engineering Studies,13,NULL,VETiS,NULL,2700,0,Fee For Service,Engineering,Construction and Engineering,Construction and Industrial,2016,,,0,NULL,NULL,,NULL,Kangan,Victoria,Kangan,
S G L,Silver,200,Michael Segrave,Michael Segrave,Kelly Townson,52114,John,Current Relationship,12:31.3,0,Possible certificate II and or certificate III program for paint and panel shops,NULL,NULL,10,0,Gavin Cribb,19783,Networking,50,Gavin Cribb,Pipeline,Lead,12:31.1,OPEN,TI,50000,General,244,Auto Body,Centre of Excellence Automotive,Centre of Excellence Automotive,NULL,Possible certificate II and or certificate III program for paint and panel shops,NULL,NULL,General,50000,50000,0,Unallocated,Auto Body,Centre of Excellence Automotive,Centre of Excellence Automotive,2016,,,0,NULL,NULL,,NULL,Kangan,Victoria,Kangan,
Trailers Pty Ltd,Bronze,70,Refer to BD Consultant,Damien Valente,Refer to BD Consultant,52112,John,Current Relationship,34:12.9,22000,Certificate IV in Leadership and Management,NULL,NULL,10,0,Damien Valente,19782,Internal Referral,75,Shawn Vlaeminck,Pipeline,Develop,34:12.7,OPEN,TI,22000,General,208,Business,Business & Professional Education,"Professional, Creative Group",NULL,Certificate IV in Leadership and Management,NULL,NULL,General,22000,22000,0,Fee For Service,Business,Business & Professional Education,"Professional, Creative Group",2016,,Baseline,0,NULL,NULL,,NULL,Kangan,Victoria,Kangan,
HYDAC Pty Ltd,Bronze,100,Refer to BD Consultant,Michael Segrave,Refer to BD Consultant,10428,Paul,Current Relationship,21:52.3,8000,Training Services Contract 2016,NULL,NULL,10,0,Michael Segrave,19781,Current client,75,Adrian Lauder,Pipeline,Lead,21:51.8,OPEN,TI,8000,General,247,Light Vehicles,Centre of Excellence Automotive,Centre of Excellence Automotive,NULL,Training Services Contract 2016,NULL,NULL,General,8000,8000,0,Fee For Service,Light Vehicles,Centre of Excellence Automotive,Centre of Excellence Automotive,2016,,,0,NULL,NULL,,NULL,Kangan,Victoria,Kangan,
Truck Centre,Bronze,90,Refer to BD Consultant,Michael Segrave,Refer to BD Consultant,43149,Scvott,Current Relationship,24:24.3,0,Light vehicle roadworthy examiner training - Victoria,NULL,NULL,10,0,Ian Russell,19780,Current client,30,NULL,Pipeline,Lead,24:24.3,OPEN,TI,3000,General,247,Light Vehicles,Centre of Excellence Automotive,Centre of Excellence Automotive,NULL,Light vehicle roadworthy examiner training - Victoria,NULL,NULL,General,3000,3000,0,Unallocated,Light Vehicles,Centre of Excellence Automotive,Centre of Excellence Automotive,2016,,,0,NULL,NULL,,NULL,Kangan,Victoria,Kangan,
kist3,Bronze,0,Refer to BD Partner,Ian Russell,Refer to BD Partner,52108,Genevre ,No Relationship,34:05.5,0,"Training in spray painting,",NULL,NULL,10,0,Ian Russell,19779,KI Website,40,NULL,Pipeline,Lead,34:05.5,OPEN,TI,3000,General,244,Auto Body,Centre of Excellence Automotive,Centre of Excellence Automotive,NULL,"Training in spray painting,",NULL,NULL,General,3000,3000,0,Unallocated,Auto Body,Centre of Excellence Automotive,Centre of Excellence Automotive,2016,,,0,NULL,NULL,Victoria,NULL,Kangan,Victoria,Kangan,
G College,Bronze,100,Refer to BD Consultant,Diana McGowan,Refer to BD Consultant,50156,Jenny ,Current Relationship,30:35.1,17420,VET In schools 2016,00:00.0,00:00.0,10,0,Anna Hedjes,19778,VETiS,75,Anna Hedjes,Won,Secure,30:35.1,OPEN,TV,17420,VETiS,247,Light Vehicles,Centre of Excellence Automotive,Centre of Excellence Automotive,Auspiced,Unit 3-4 Certificate II in Automotive Studies (Pre-Vocational),11,NULL,VETiS,NULL,6058,0,Fee For Service,Light Vehicles,Centre of Excellence Automotive,Centre of Excellence Automotive,2016,,,0,NULL,NULL,,NULL,Kangan,Victoria,Kangan,
G College,Bronze,100,Refer to BD Consultant,Diana McGowan,Refer to BD Consultant,50156,Jenny ,Current Relationship,30:35.1,17420,VET In schools 2016,00:00.0,00:00.0,10,0,Anna Hedjes,19778,VETiS,75,Anna Hedjes,Won,Secure,30:35.1,OPEN,TV,17420,VETiS,247,Light Vehicles,Centre of Excellence Automotive,Centre of Excellence Automotive,Auspiced,Unit 1-2 Certificate II in Automotive Studies (Pre-Vocational),19,NULL,VETiS,NULL,8362,0,Fee For Service,Light Vehicles,Centre of Excellence Automotive,Centre of Excellence Automotive,2016,,,0,NULL,NULL,,NULL,Kangan,Victoria,Kangan,
Brothers Pty Ltd,Bronze,90,Refer to BD Consultant,Lisa Brown,Refer to BD Consultant,26168,Wendy,Current Relationship,02:56.2,0,OHS - Manual Handling - Transferring Deceased Persons,NULL,NULL,10,0,Damien Valente,19775,Current client,75,Shawn Vlaeminck,Pipeline,Respond,02:56.2,OPEN,TI,3500,General,208,Business,Business & Professional Education,"Professional, Creative Group",NULL,OHS - Manual Handling - Transferring Deceased Persons,NULL,NULL,General,3500,3500,0,Unallocated,Business,Business & Professional Education,"Professional, Creative Group",2016,,,0,NULL,NULL,,NULL,Kangan,Victoria,Kangan,
,00:00.0,00:00.0,10,100,Coralee Hayden-Long,19774,Networking,100,Gavin Cribb,Won,Reflect,28:55.2,OPEN,TI,1000,General,248,Automotive Projects,Centre of Excellence Automotive,Centre of Excellence Automotive,NULL,Automotive professional services,NULL,NULL,General,1000,1000,1000,Fee For Service,Automotive Projects,Centre of Excellence Automotive,Centre of Excellence Automotive,2016,,,100,NULL,NULL,,NULL,Kangan,Victoria,Kangan,null,,,,,,,,,,,
I Australia Limited,Bronze,0,Refer to BD Consultant,Wayne Walter,Refer to BD Consultant,52098,David,Current Relationship,36:52.7,0,National Apprentice Program Proposal,NULL,NULL,10,0,Gavin Cribb,19771,Networking,30,NULL,Pipeline,Lead,36:52.7,OPEN,TI,50000,General,246,Heavy Vehicles,Centre of Excellence Automotive,Centre of Excellence Automotive,NULL,National Apprentice Program Proposal,NULL,NULL,General,50000,50000,0,Unallocated,Heavy Vehicles,Centre of Excellence Automotive,Centre of Excellence Automotive,2016,,,0,NULL,NULL,,NULL,Kangan,Victoria,Kangan,
C South Pacific Pty Ltd,Bronze,70,Refer to BD Consultant,Wayne Walter,Refer to BD Consultant,19367,David,Current Relationship,36:10.4,0,Deliver engine test and tag course at ACE,NULL,NULL,10,0,Gavin Cribb,19770,Teacher Reference,50,Gavin Cribb,Pipeline,Lead,36:10.2,OPEN,TI,7000,General,246,Heavy Vehicles,Centre of Excellence Automotive,Centre of Excellence Automotive,NULL,Deliver engine test and tag course at ACE,NULL,NULL,General,7000,7000,0,Unallocated,Heavy Vehicles,Centre of Excellence Automotive,Centre of Excellence Automotive,2016,,Growth,0,NULL,NULL,,NULL,Kangan,Victoria,Kangan,null
Sx Australia,Bronze,100,Refer to BD Consultant,Wayne Walter,Refer to BD Consultant,27003,David,Current Relationship,54:07.5,1320,Automotive Professional Services,54:07.4,00:00.0,10,0,Ian Russell,19769,Current client,100,Gavin Cribb,Won,Monitor,54:07.4,OPEN,TI,1320,Room Booking,248,Automotive Projects,Centre of Excellence Automotive,Centre of Excellence Automotive,NULL,Automotive Professional Services,NULL,NULL,General,2640,1320,0,Fee For Service,Automotive Projects,Centre of Excellence Automotive,Centre of Excellence Automotive,2016,,,0,NULL,NULL,,NULL,Kangan,Victoria,Kangan,
M T  Melbourne,Platinum,370,Travis Hodgson,Kathy Lawson,Kelly Townson,52000,Shawn ,Current Relationship,13:10.0,0,Engineering students,NULL,NULL,10,0,Andree Weavers,19768,Current client,75,Andree Weavers,Pipeline,Lead,13:09.5,OPEN,TI,200000,General,240,Engineering,Construction and Engineering,Construction and Industrial,NULL,Engineering students,NULL,NULL,General,200000,200000,0,Unallocated,Engineering,Construction and Engineering,Construction and Industrial,2016,,,0,NULL,NULL,,NULL,Kangan,Victoria,Kangan,null
Northern Territory ,Bronze,100,Refer to BD Consultant,Diana McGowan,Refer to BD Consultant,22230,Jitesh ,Current Relationship,23:52.8,5525,2016 Training Contract,00:00.0,00:00.0,10,0,Diana McGowan,19767,Tender,100,Diana McGowan,Won,Secure,23:52.6,OPEN,TZ,5525,National,240,Engineering,Construction and Engineering,Construction and Industrial,NULL,2016 Training Contract,1,NULL,General,5525,5525,0,Fee For Service,Engineering,Construction and Engineering,Construction and Industrial,2016,,,0,NULL,NULL,Northern Territory,NULL,Kangan,Northern Territory,Kangan,Northern Territory
SDI ,Bronze,0,Refer to BD Consultant,Damien Valente,Refer to BD Consultant,52091,Jitesh ,,09:32.5,0,HSR Manager Training,NULL,NULL,10,0,Damien Valente,19766,Contact Centre,50,Ann O'Neill,Pipeline,Respond,09:32.4,OPEN,TI,4000,General,208,Business,Business & Professional Education,"Professional, Creative Group",NULL,HSR Manager Training,NULL,NULL,General,4000,4000,0,Unallocated,Business,Business & Professional Education,"Professional, Creative Group",2016,,Baseline,0,NULL,NULL,,NULL,Kangan,Victoria,Kangan,
BKI Internal Opportunities,Bronze,0,Refer to BD Partner,Damien Valente,Refer to BD Partner,52053,Shawn ,,36:20.3,0,3 x HR Short Courses,NULL,NULL,10,0,Damien Valente,19765,Internal Referral,75,NULL,Pipeline,Lead,36:20.3,OPEN,TI,10000,General,208,Business,Business & Professional Education,"Professional, Creative Group",NULL,3 x HR Short Courses,NULL,NULL,General,10000,10000,0,Unallocated,Business,Business & Professional Education,"Professional, Creative Group",2016,,,0,NULL,NULL,undefined,NULL,Kangan,Victoria,Kangan,
Churches ,Bronze,0,Refer to BD Partner,Damien Valente,Refer to BD Partner,52083,Leanne ,,43:56.8,4100,1 Day HSR Refresher Training (OH&S Training),NULL,NULL,10,0,Damien Valente,19762,Contact Centre,50,Ann O'Neill,Pipeline,Respond,43:56.4,OPEN,TI,4100,General,208,Business,Business & Professional Education,"Professional, Creative Group",NULL,1 Day HSR Refresher Training (OH&S Training),NULL,NULL,General,4100,4100,0,Fee For Service,Business,Business & Professional Education,"Professional, Creative Group",2016,,Baseline,0,NULL,NULL,undefined,NULL,Kangan,Victoria,Kangan,
W A Institute of Training,Silver,130,Refer to BD Consultant,Michael Segrave,Refer to BD Consultant,27066,Ross ,Current Relationship,17:16.8,0,The delivery of AURTTL3002 - Diagnose and repair CNG fuel systems and AURTTL3001 - Service CNG fuel systems to William Adams employees in Tasmania (6),NULL,NULL,10,0,Gavin Cribb,19759,Teacher Reference,50,Gavin Cribb,Pipeline,Lead,17:16.7,OPEN,TI,6000,General,246,Heavy Vehicles,Centre of Excellence Automotive,Centre of Excellence Automotive,NULL,The delivery of AURTTL3002 - Diagnose and repair CNG fuel systems and AURTTL3001 - Service CNG fuel systems to William Adams employees in Tasmania (6),NULL,NULL,General,6000,6000,0,Unallocated,Heavy Vehicles,Centre of Excellence Automotive,Centre of Excellence Automotive,2016,,Growth,0,NULL,NULL,,NULL,Kangan,Victoria,Kangan,
S M Pty Ltd,Bronze,10,Adrian Lauder,Michael Segrave,Refer to BD Partner,52076,Tarun ,Current Relationship,56:07.6,0,Vic Roads Heavy Vehicle Licensed Vehicle Tester (Roadworthy) TMH24 [457 Visa],NULL,NULL,10,0,Michael Segrave,19758,KI Website,75,NULL,Pipeline,Lead,56:07.6,OPEN,TI,2240,General,246,Heavy Vehicles,Centre of Excellence Automotive,Centre of Excellence Automotive,NULL,Vic Roads Heavy Vehicle Licensed Vehicle Tester (Roadworthy) TMH24 [457 Visa],NULL,NULL,General,2240,2240,0,Unallocated,Heavy Vehicles,Centre of Excellence Automotive,Centre of Excellence Automotive,2016,,,0,NULL,NULL,,NULL,Kangan,Victoria,Kangan,
M Markets,Bronze,0,Refer to BD Consultant,Damien Valente,Refer to BD Consultant,50020,Matt ,Current Relationship,10:09.3,0,Melbourne Market Epping Facility Project,NULL,NULL,10,0,Damien Valente,19757,External Referral,40,Coralee Hayden-Long,Pipeline,Develop,10:09.0,OPEN,TI,100000,General,241,Logistics,Construction and Engineering,Construction and Industrial,NULL,Melbourne Market Epping Facility Project,NULL,NULL,General,100000,100000,0,Unallocated,Logistics,Construction and Engineering,Construction and Industrial,2016,,,0,NULL,NULL,undefined,NULL,Kangan,Victoria,Kangan,
MRSM ,Bronze,0,Refer to BD Partner,Michael Segrave,Refer to BD Partner,52041,Robert ,Current Relationship,37:11.9,0,Auto Body and Welding,NULL,NULL,10,0,Michael Segrave,19756,Contact Centre,75,NULL,Pipeline,Lead,37:11.9,OPEN,TI,13772,General,278,Manufacturing,Centre of Excellence Automotive,Centre of Excellence Automotive,NULL,Auto Body and Welding,NULL,NULL,General,13772,13772,0,Unallocated,Manufacturing,Centre of Excellence Automotive,Centre of Excellence Automotive,2016,,,0,NULL,NULL,undefined,NULL,Kangan,Victoria,Kangan,
Fusion ,Gold,260,Michael Segrave,Michael Segrave,Phill Murphy,26166,Kylie ,Current Relationship,28:42.9,0,Brokering Arrangement,NULL,NULL,10,0,Michael Segrave,19751,Broker,75,NULL,Pipeline,Lead,28:42.8,OPEN,TI,1,General,283,Auto Parts,Centre of Excellence Automotive,Centre of Excellence Automotive,NULL,Brokering Arrangement,NULL,NULL,General,1,1,0,Unallocated,Auto Parts,Centre of Excellence Automotive,Centre of Excellence Automotive,2016,,,0,NULL,NULL,,NULL,Kangan,Victoria,Kangan,
F Automobiles,Bronze,70,Refer to BD Partner,Coralee Hayden-Long,Refer to BD Partner,52061,Mark ,Current Relationship,46:19.1,7920,Automotive Professional Services for 29/2/16-4/3/16; 5/4/16-8/4/16 and 19/4/16-22/4/16,00:00.0,00:00.0,10,0,Ian Russell,19746,Current client,100,Gavin Cribb,Won,Monitor,46:19.1,OPEN,TI,7920,General,244,Auto Body,Centre of Excellence Automotive,Centre of Excellence Automotive,NULL,Automotive Proefessional Services for 29/2/16-4/3/16; 5/4/16-8/4/16 and 19/4/16-22/4/16,NULL,NULL,General,7200,7920,0,Fee For Service,Auto Body,Centre of Excellence Automotive,Centre of Excellence Automotive,2016,,,0,NULL,NULL,undefined,NULL,Kangan,Victoria,Kangan,null
C F Auth,Silver,110,Lisa Brown,Damien Valente,Dianne Semmens,52058,Shane ,,27:49.7,0,EOI - Three Tiered Leadership Program,NULL,NULL,10,0,Damien Valente,19745,Current client,75,Shawn Vlaeminck,Pipeline,Lead,27:49.1,OPEN,TI,15000,General,208,Business,Business & Professional Education,"Professional, Creative Group",NULL,EOI - Three Tiered Leadership Program,NULL,NULL,General,15000,15000,0,Unallocated,Business,Business & Professional Education,"Professional, Creative Group",2016,,,0,NULL,NULL,,NULL,Kangan,Victoria,Kangan,
Hume ,Silver,110,Michael Segrave,Damien Valente,Brett Macleod,26911,Bonnie,Current Relationship,13:33.5,0,Career Development Training,NULL,NULL,10,0,Damien Valente,19744,Current client,75,Shawn Vlaeminck,Pipeline,Lead,13:33.3,OPEN,TI,2500,General,208,Business,Business & Professional Education,"Professional, Creative Group",NULL,Career Development Training,NULL,NULL,General,2500,2500,0,Unallocated,Business,Business & Professional Education,"Professional, Creative Group",2016,,,0,NULL,NULL,,NULL,Kangan,Victoria,Kangan,
BKI Internal Opportunities,Bronze,0,Refer to BD Partner,Damien Valente,Refer to BD Partner,52053,Shawn ,,40:03.0,0,Certificate IV in Bookkeeping - Bendigo Public Course Delivery,NULL,NULL,10,0,Damien Valente,19743,Internal Referral,75,Shawn Vlaeminck,Pipeline,Develop,40:02.9,OPEN,TI,106920,General,209,Finance & Legal,Business & Professional Education,"Professional, Creative Group",NULL,Certificate IV in Bookkeeping - Bendigo Public Course Delivery,NULL,NULL,General,188000,106920,0,Unallocated,Finance & Legal,Business & Professional Education,"Professional, Creative Group",2016,,,0,NULL,NULL,undefined,NULL,Kangan,Victoria,Kangan,
Construction Forestry Mining ,Bronze,90,Refer to BD Consultant,Damien Valente,Refer to BD Consultant,44363,Anne ,Current Relationship,26:00.1,4526,RTW Coordinator 2016,00:00.0,00:00.0,10,100,Damien Valente,19742,Current client,75,Ann O'Neill,Won,Reflect,25:59.8,OPEN,TI,4526,General,208,Business,Business & Professional Education,"Professional, Creative Group",NULL,RTW Coordinator 2016,NULL,NULL,General,4000,4526,4526,Fee For Service,Business,Business & Professional Education,"Professional, Creative Group",2016,,,100,NULL,NULL,,NULL,Kangan,Victoria,Kangan,
BKI Internal Opportunities,Bronze,0,Refer to BD Partner,Damien Valente,Refer to BD Partner,52053,Shawn ,,39:02.9,0,Satellite Cafe Broadmeadows Building J - Internal Opportunity,NULL,NULL,10,0,Damien Valente,19741,Internal Referral,75,Shawn Vlaeminck,Pipeline,Develop,39:02.8,OPEN,TI,50000,General,215,Hospitality,Business & Professional Education,"Professional, Creative Group",NULL,Satellite Cafe Broadmeadows Building J - Internal Opportunity,NULL,NULL,General,1,50000,0,Unallocated,Hospitality,Business & Professional Education,"Professional, Creative Group",2016,,,0,NULL,NULL,undefined,NULL,Kangan,Victoria,Kangan,
FSA,Bronze,0,Refer to BD Partner,Damien Valente,Refer to BD Partner,52050,Christina Unknown,,15:07.7,4100,OH&S Refresher Course - 10 to 15 Participants,NULL,NULL,10,0,Damien Valente,19740,Contact Centre,75,NULL,Pipeline,Lead,15:07.7,OPEN,TI,4100,General,208,Business,Business & Professional Education,"Professional, Creative Group",NULL,OH&S Refresher Course - 10 to 15 Participants,NULL,NULL,General,2500,4100,0,Fee For Service,Business,Business & Professional Education,"Professional, Creative Group",2016,,Baseline,0,NULL,NULL,undefined,NULL,Kangan,Victoria,Kangan,
Hume ,Silver,110,Michael Segrave,Damien Valente,Brett Macleod,26911,Gidlle Bon,Current Relationship,30:11.7,1500,Recruitment and Selection Training,NULL,NULL,10,0,Damien Valente,19739,Current client,50,Shawn Vlaeminck,Pipeline,Respond,30:11.7,OPEN,TI,1500,General,208,Business,Business & Professional Education,"Professional, Creative Group",NULL,Recruitment and Selection Training,NULL,NULL,General,10000,1500,0,Fee For Service,Business,Business & Professional Education,"Professional, Creative Group",2016,,,0,NULL,NULL,,NULL,Kangan,Victoria,Kangan,
T M C ,Platinum,400,Adrian Lauder,Damien Valente,Phill Murphy,51113,Jay Jay,,06:36.1,14635,TMCA Cert3 CSP Brisbane Four Participants.,00:00.0,00:00.0,0.450973693,0,Ian Russell,19731,Internal Referral,75,Juris Liberts,Won,Secure,06:35.9,OPEN,TI,14635,General,278,Manufacturing,Centre of Excellence Automotive,Centre of Excellence Automotive,NULL,TMCA Cert3 CSP Brisbane One Participant.,NULL,NULL,General,10000,14635,0,Fee For Service,Manufacturing,Centre of Excellence Automotive,Centre of Excellence Automotive,2016,,,0,614,7421,,NULL,Kangan,Victoria,Kangan,
TMC,Platinum,400,Adrian Lauder,Damien Valente,Phill Murphy,51113,Jay Jay,,06:36.1,14635,TMCA Cert3 CSP Brisbane Four Participants.,00:00.0,00:00.0,0.450973693,0,Ian Russell,19731,Internal Referral,75,Juris Liberts,Won,Secure,06:35.9,OPEN,TI,14635,General,278,Manufacturing,Centre of Excellence Automotive,Centre of Excellence Automotive,NULL,TMCA Cert3 CSP Brisbane One Participant.,NULL,NULL,General,0,0,0,Fee For Service,Manufacturing,Centre of Excellence Automotive,Centre of Excellence Automotive,2016,,,0,614,7421,,NULL,Kangan,Victoria,Kangan,
