Term_code,Student_id,Program,Program_title,Student_CRN_list,Start_dt,Rate_code,Rate_desc,Cost_centre_code,Cost_centre,Campus,Campus_name,Stu_type,ATSI,mob_ph,email,addr_l1,city,state,pcode,Activity_dt,OpportunityNumber
201610,15253,CPC31011,CERTIFICATE III IN SOLID PLASTERING,36944; 36955,,CP,Commercial - VTG,1203,Auspicing,800,Satellite,C,4,,,,LALOR,VIC,3075,12/04/2016 14:33,19767
201610,15254,CPC31011,CERTIFICATE III IN SOLID PLASTERING,36944; 36955,,CP,Commercial - VTG,1203,Auspicing,800,Satellite,C,4,,,,MERNDA,VIC,3754,12/04/2016 14:21,19767
201610,15255,CPC31011,CERTIFICATE III IN SOLID PLASTERING,36944; 36955,,CP,Commercial - VTG,1203,Auspicing,800,Satellite,C,4,,,,HOMASTOWN,VIC,3074,12/04/2016 12:54,19767
201610,15256,ICT60515,CERTIFICATE III IN WET ROOM PREPARATION,26383,,F,International - Onshore,1900,Construction & Industrial,301,Broadmeadows,N,4,,,,Craigieburn,VIC,3064,12/04/2016 12:40,
201610,15257,CPC31011,CERTIFICATE III IN SOLID PLASTERING,36944; 36955,,CP,Commercial - VTG,1203,Auspicing,800,Satellite,C,4,,,,DELACOMBE,VIC,3356,12/04/2016 13:20,19767
201610,15258,CPC31411,Certificate III in Construction Waterproofing,31640; 31641; 31642; 31643; 31647; 31650; 31653; 31654; 31656; 31658,,CP,Commercial - VTG,1900,Construction & Industrial,301,Broadmeadows,N,4,,,,CARLTON NORTH,VIC,3054,12/04/2016 11:44,19757
201610,15259,CPC31411,Certificate III in Construction Waterproofing,31640; 31641; 31642; 31643; 31647; 31650; 31653; 31654; 31656; 31658,,CP,Commercial - VTG,1900,Construction & Industrial,301,Broadmeadows,N,4,,,,NARRE WARREN SOUTH,VIC,3805,12/04/2016 11:47,19757
201610,15260,CPC31411,Certificate III in Construction Waterproofing,31640; 31641; 31642; 31643; 31647; 31650; 31653; 31654; 31656; 31658,,CP,Commercial - VTG,1900,Construction & Industrial,301,Broadmeadows,N,4,,,,ROSEBUD,VIC,3939,12/04/2016 12:07,19757
201610,15261,CPC31011,CERTIFICATE III IN SOLID PLASTERING,36944; 36955,,CP,Commercial - VTG,1203,Auspicing,800,Satellite,N,4,,,,CRANBOURNE,VIC,3977,12/04/2016 12:10,19767
201610,15262,CPC31011,CERTIFICATE III IN SOLID PLASTERING,36944; 36955,,CP,Commercial - VTG,1203,Auspicing,800,Satellite,N,4,,,,HAMPTON PARK,VIC,3976,12/04/2016 12:20,19767
201610,15263,CPC31011,CERTIFICATE III IN SOLID PLASTERING,36944; 36955,,CP,Commercial - VTG,1203,Auspicing,800,Satellite,N,4,,,,HAMPTON PARK,VIC,3976,12/04/2016 12:30,19767
201610,15264,CPC31011,CERTIFICATE III IN SOLID PLASTERING,36944; 36955,,CP,Commercial - VTG,1203,Auspicing,800,Satellite,N,4,,,,THOMASTOWN,VIC,3074,12/04/2016 12:40,19767
201610,15265,CPC31011,CERTIFICATE III IN SOLID PLASTERING,36944; 36955,,CP,Commercial - VTG,1203,Auspicing,800,Satellite,N,,,,,DELACOMBE,VIC,3356,12/04/2016 13:30,19767
201610,15266,CPC31011,CERTIFICATE III IN SOLID PLASTERING,36944; 36955,,CP,Commercial - VTG,1203,Auspicing,800,Satellite,N,4,,,,DANDENONG,VIC,3175,12/04/2016 13:40,19767
201610,15267,CPC31011,CERTIFICATE III IN SOLID PLASTERING,36944; 36955,,CP,Commercial - VTG,1203,Auspicing,800,Satellite,N,4,,,,HAMPTON PARK,VIC,3976,12/04/2016 13:49,19767
201610,15268,CPC31011,CERTIFICATE III IN SOLID PLASTERING,36944; 36955,,CP,Commercial - VTG,1203,Auspicing,800,Satellite,N,4,,,,NARRE WARREN SOUTH,VIC,3805,12/04/2016 14:01,19767
201610,15269,CPC31011,CERTIFICATE III IN SOLID PLASTERING,36944; 36955,,CP,Commercial - VTG,1203,Auspicing,800,Satellite,N,4,,,,MILL PARK,VIC,3082,12/04/2016 14:10,19767
201610,15270,CPC31211,CERTIFICATE III IN WALL AND CEILING LINING,36882; 36885,,CP,Commercial - VTG,1203,Auspicing,800,Satellite,N,4,,,,PAYNESVILLE,VIC,3880,12/04/2016 14:48,19785
201610,15271,CPC31211,CERTIFICATE III IN WALL AND CEILING LINING,36882; 36885,,CP,Commercial - VTG,1203,Auspicing,800,Satellite,N,4,,,,PAKENHAM,VIC,3810,12/04/2016 14:58,19785
201610,15272,CPC31211,CERTIFICATE III IN WALL AND CEILING LINING,36882; 36885,,CP,Commercial - VTG,1203,Auspicing,800,Satellite,N,4,,,,BAIRNSDALE,VIC,3875,12/04/2016 15:09,19785
201610,15273,CPC31211,CERTIFICATE III IN WALL AND CEILING LINING,36882; 36885,,CP,Commercial - VTG,1203,Auspicing,800,Satellite,N,4,,,,NICHOLSO,VIC,3882,12/04/2016 15:18,19785
201610,15274,CPC31211,CERTIFICATE III IN WALL AND CEILING LINING,36882; 36885,,CP,Commercial - VTG,1203,Auspicing,800,Satellite,N,4,,,,HOPPERS CROSSING,VIC,3029,12/04/2016 15:27,19785
201610,15275,CPC31211,CERTIFICATE III IN WALL AND CEILING LINING,36882; 36885,,CP,Commercial - VTG,1203,Auspicing,800,Satellite,N,4,,,,CRANBOURNE,VIC,3977,12/04/2016 15:35,19785
201610,15276,CPC31211,CERTIFICATE III IN WALL AND CEILING LINING,36882; 36885,,CP,Commercial - VTG,1203,Auspicing,800,Satellite,N,4,,,,PAKENHAM,VIC,3810,12/04/2016 15:47,19785
201610,15277,CPC31211,CERTIFICATE III IN WALL AND CEILING LINING,36882; 36885,,CP,Commercial - VTG,1203,Auspicing,800,Satellite,N,4,,,,NARRE WARREN SOUTH,VIC,3805,12/04/2016 16:09,19785
201610,15278,CPC31211,CERTIFICATE III IN WALL AND CEILING LINING,36882; 36885,,CP,Commercial - VTG,1203,Auspicing,800,Satellite,N,4,,,,PAKENHAM,VIC,3810,13/04/2016 8:16,19785
201610,15279,CPC31211,CERTIFICATE III IN WALL AND CEILING LINING,36882; 36885,,CP,Commercial - VTG,1203,Auspicing,800,Satellite,N,4,,,,MOE,VIC,3825,13/04/2016 8:29,19785
201610,15280,CPC31211,CERTIFICATE III IN WALL AND CEILING LINING,36882; 36885,,CP,Commercial - VTG,1203,Auspicing,800,Satellite,N,4,,,,cobains,VIC,3851,13/04/2016 8:53,19785
201610,15281,CPC31211,CERTIFICATE III IN WALL AND CEILING LINING,36882; 36885,,CP,Commercial - VTG,1203,Auspicing,800,Satellite,N,4,,,,SALE,VIC,3850,13/04/2016 9:01,19785
201610,15282,CPC31211,CERTIFICATE III IN WALL AND CEILING LINING,36882; 36885,,CP,Commercial - VTG,1203,Auspicing,800,Satellite,N,4,,,,SALE,VIC,3850,13/04/2016 9:11,19785
201610,15283,CPC31211,CERTIFICATE III IN WALL AND CEILING LINING,36882; 36885,,CP,Commercial - VTG,1203,Auspicing,800,Satellite,N,4,,,,STRATFORD,VIC,3862,13/04/2016 9:21,19785
201610,15284,CPC31211,CERTIFICATE III IN WALL AND CEILING LINING,36882; 36885,,CP,Commercial - VTG,1203,Auspicing,800,Satellite,N,4,,,,MUNRO,VIC,3862,13/04/2016 9:30,19785
201610,15285,CPC31211,CERTIFICATE III IN WALL AND CEILING LINING,36882; 36885,,CP,Commercial - VTG,1203,Auspicing,800,Satellite,N,4,,,,PAKENHAM,VIC,3810,13/04/2016 9:41,19785
201610,15286,CPC30313,CERTIFICATE III IN CONCRETING,36899; 36906; 36914; 36919; 36921; 36937,,CP,Commercial - VTG,1203,Auspicing,800,Satellite,N,4,,,,NORTH CRNABOURNE,VIC,3977,13/04/2016 9:51,19768
201610,15287,CPC30313,CERTIFICATE III IN CONCRETING,36899; 36906; 36914; 36919; 36921; 36937,,CP,Commercial - VTG,1203,Auspicing,800,Satellite,N,4,,,,WY YUNG,VIC,3875,13/04/2016 10:06,19768
201610,15288,CPC30313,CERTIFICATE III IN CONCRETING,36899; 36906; 36914; 36919; 36921; 36937,,CP,Commercial - VTG,1203,Auspicing,800,Satellite,N,4,,,,COWES,VIC,3922,13/04/2016 10:14,19768
201610,15289,CPC30313,CERTIFICATE III IN CONCRETING,36899; 36906; 36914; 36919; 36921; 36937,,CP,Commercial - VTG,1203,Auspicing,800,Satellite,N,4,,,,SUNSHINE,VIC,3032,13/04/2016 10:23,19768
201610,15290,CPC30313,CERTIFICATE III IN CONCRETING,36899; 36909; 36914; 36919; 36921; 36937,,CP,Commercial - VTG,1203,Auspicing,800,Satellite,N,4,,,,PRESTON,VIC,3072,13/04/2016 10:53,19768
201610,15291,CPC30313,CERTIFICATE III IN CONCRETING,36899; 36906; 36914; 36919; 36921; 36937,,CP,Commercial - VTG,1203,Auspicing,800,Satellite,N,4,,,,BOOKFIELD,VIC,3338,13/04/2016 11:03,19768
201610,15292,CPC30313,CERTIFICATE III IN CONCRETING,36899; 36906; 36914; 36919; 36921; 36937,,CP,Commercial - VTG,1203,Auspicing,800,Satellite,N,4,,,,PEARCEDALE,VIC,3912,13/04/2016 11:19,19768
201610,15270,CPC31288,CERTIFICATE III IN WET ROOM PREPARATION,26383,,F,International - Onshore,1900,Construction & Industrial,301,Broadmeadows,N,4,,,,DELACOMBE,VIC,3064,12/04/2016 12:40,
201610,15271,CPC31288,CERTIFICATE III IN WET ROOM PREPARATION,26383,,F,International - Onshore,1900,Construction & Industrial,301,Broadmeadows,N,4,,,,DANDENONG,VIC,3064,12/04/2016 12:40,
201610,15272,CPC31288,CERTIFICATE III IN WET ROOM PREPARATION,26383,,F,International - Onshore,1900,Construction & Industrial,301,Broadmeadows,N,4,,,,HAMPTON PARK,VIC,3064,12/04/2016 12:40,
201610,15273,CPC31288,CERTIFICATE III IN WET ROOM PREPARATION,26383,,F,International - Onshore,1900,Construction & Industrial,301,Broadmeadows,N,4,,,,NARRE WARREN SOUTH,VIC,3064,12/04/2016 12:40,
201610,15274,CPC31288,CERTIFICATE III IN WET ROOM PREPARATION,26383,,F,International - Onshore,1900,Construction & Industrial,301,Broadmeadows,N,4,,,,MILL PARK,VIC,3064,12/04/2016 12:40,
201610,15298,CPC31288,CERTIFICATE III IN WET ROOM PREPARATION,26383,,F,International - Onshore,1900,Construction & Industrial,301,Broadmeadows,N,4,,,,PAYNESVILLE,VIC,3064,12/04/2016 12:40,
201610,15299,CPC31288,CERTIFICATE III IN WET ROOM PREPARATION,26383,,F,International - Onshore,1900,Construction & Industrial,301,Broadmeadows,N,4,,,,PAKENHAM,VIC,3064,12/04/2016 12:40,
201610,15300,CPC31288,CERTIFICATE III IN WET ROOM PREPARATION,26383,,F,International - Onshore,1900,Construction & Industrial,301,Broadmeadows,N,4,,,,Craigieburn,VIC,3064,12/04/2016 12:40,
201610,15301,CPC31288,CERTIFICATE III IN WET ROOM PREPARATION,26383,,F,International - Onshore,1900,Construction & Industrial,301,Broadmeadows,N,4,,,,Craigieburn,VIC,3064,12/04/2016 12:40,
201610,15302,CPC31288,CERTIFICATE III IN WET ROOM PREPARATION,26383,,F,International - Onshore,1900,Construction & Industrial,301,Broadmeadows,N,4,,,,Craigieburn,VIC,3064,12/04/2016 12:40,
