﻿<?xml version="1.0" encoding="utf-8"?>
<Project ToolsVersion="15.0" xmlns="http://schemas.microsoft.com/developer/msbuild/2003">
  <PropertyGroup>
    <IncludeCompositeObjects>True</IncludeCompositeObjects>
    <TargetDatabaseName>etl_fw_demo</TargetDatabaseName>
    <DeployScriptFileName>ETL Framework Demo.sql</DeployScriptFileName>
    <ProfileVersionNumber>1</ProfileVersionNumber>
    <TargetConnectionString>Data Source=AU2063050W2;Integrated Security=True;Persist Security Info=False;Pooling=False;MultipleActiveResultSets=False;Connect Timeout=60;Encrypt=False;TrustServerCertificate=True</TargetConnectionString>
    <BlockWhenDriftDetected>True</BlockWhenDriftDetected>
    <RegisterDataTierApplication>True</RegisterDataTierApplication>
  </PropertyGroup>
</Project>